{"cmnwnpwb":150961,"hhcp.jzd":28669,"jssbn":{"dvlb":89372,"lfrctthp":{"lfrctthp":{"gsb.flc":25083},"srf":{"hcnjd.nsq":20386,"jjlz.mtq":143480,"rwvdvvsf":{"bqz":20009,"czdm":133188},"sbmhf":88782,"wbs.vmh":143464,"wvhhr":{"vrwdvnh.jhf":10445}},"vlfc":165285,"wbs.vmh":202701},"pjzpjjq":{"chgbd.zjf":14329,"dvlb":{"bjfqsb":{"jgltcw":{"shmqqjf.fwd":264579}},"fnwsmj":{"lfrctthp":{"qdgqdtn":{"lbcgfp.vzq":230357},"qhjbh.fbc":198919,"sgddcfdn":{"cwjbzd.npb":110212,"lnjln":{"tdw":28970},"wlvdsjj":207550}},"rddpmj":{"fhlnmw":{"mcgdrzg":228871}}},"gplzm":154127,"qcp.qvc":264923,"wlhfvwl":{"rbwq":{"jdczdlwb":139444,"mnbq.sdq":66039}},"wrgqqts":{"dvlb.cfl":124869},"zhj":{"hww":{"czhd.bdn":14681,"fgcfbrs.wqt":232222,"pnsbrd":{"vsbvlr":179442,"zbhj.wnh":55431},"vsw.npv":155416,"wbs.vmh":199792,"znpdrr.rmd":44877},"lqn":192363,"nqv":{"hnz.czd":262693,"lptljbz":259429,"rjgbm":{"fgfh.tch":45885,"lfrctthp.fbc":42899,"nnmg.tvz":159401,"trzgtn.scg":144595},"tlhttrgs":{"cqtnvzn":{"czdm":49609},"wbs.vmh":220458},"tlhttrgs.jlv":76496,"vsbvlr":260003}}},"pjc":212284,"qlrn":{"bflnzt":150270,"bgq":203988,"jwgd":{"lmlbtpg.wdp":57414},"sppmmj":256702,"wbgvqpc":{"dvlb":{"hhcp.jzd":118388},"qfhvjtv":{"lfrctthp":82966,"mhbbpdpj":{"ghrbbh":{"tlhttrgs":24686}},"wbs.vmh":139234},"tpcwhmv":{"hhcp.jzd":3666}}},"rhzgmnb.nhd":225566,"sppmmj.dzz":145766,"vpltwcs":{"tlhttrgs":{"cchd":{"wmrv":126044},"cvbr.rmh":32682,"mpdpnb":209102,"wbs.vmh":96179},"vsbvlr":146745},"wbs.vmh":125853},"rbtbtt":{"hzgdsb.tbs":169793,"wqmvzg":{"lzbj":{"tnhdmqjh":{"lfrctthp":5150}}}},"sppmmj":203148,"sppmmj.bmm":130200,"tlhttrgs":{"zjghthcb":{"dvlb":{"dvlb.fhs":167639,"qnhgn.mgn":70305},"ghzsqrn":{"dbrtz.lrn":74556,"fngzpjm":{"dvlb":{"bmvzg":59824,"lfrctthp":184952,"qwcttnh.pbs":51434,"wbs.vmh":206348},"ghzwdw":{"lfrctthp":132594,"tlhttrgs.cvp":99032}},"mdqbvhrr":{"zsfv.qqv":32598},"mrfjpgwj":220711,"sfhqmzhd":{"wpmbm":58893},"tlhttrgs.thf":67424,"vsngvn.ttq":202325},"hvwjc":{"ccpnsjm.cwc":233454,"lfrctthp":72232,"nchvqtdq":{"gjwjq.jrc":49931},"ptrlpt.gdf":248368,"qgjv":222059,"wbs.vmh":69105,"wnj":{"ccpnsjm.cwc":182139,"dvlb":{"cwjbzd":{"tlhttrgs":{"vdp.wzt":240264}}},"hhcp.jzd":72806,"sppmmj":156378}},"lfrctthp":{"ccpnsjm.cwc":168164,"dcmfjn":68428,"dvlb":133121,"sppmmj.zjm":146217,"thgh":{"nrntbh":{"lfrctthp.brp":139964},"qlhbf":{"vsbvlr":115891}},"zzffz":{"tlhttrgs.hsw":170513}}},"zmlpwlm":{"wvjrtvps.hrb":232644}},"vsbvlr":248929},"lfrctthp":{"cwjbzd":{"ccpnsjm.cwc":172122,"dfqpqqw":{"dgssm.crl":67239,"rjm":{"nnwdzf":25830}},"lfrctthp":{"fqswn":{"ccpnsjm.cwc":76154,"dhgghnm":{"jbmlssv.ndp":36757,"sppmmj":{"dsss":{"vsbvlr":201519}}},"vpbwj":{"ccpnsjm.cwc":154042,"tlhttrgs":{"cwjbzd.lqr":125785,"jdcm.mrz":19315},"vsbvlr":271666}},"jllwj.wjc":241343},"lfrctthp.cms":123102,"lqhjcbms":73991,"mcnwp":207693,"sppmmj":{"sppmmj":{"fwh.wtt":161387}},"tzrrgl":114128},"dvlb":{"dnqvhtr":{"jzm":{"sgsbj.qtr":143413,"smtpdcpf":{"lgzlj":95947}},"phcfgqfs":{"hhcp.jzd":257801},"sppmmj":{"ccpnsjm.cwc":230280,"hhcp.jzd":261954,"hmcn":{"dvlb":206476,"lfrctthp":214973},"mrhsrrm":{"wbs.vmh":126589},"nlqmghj":{"mdqvh.flp":113621},"rqbtcvfw":{"wbs.vmh":259673},"vsbvlr":70788,"wbs.vmh":114344,"wjnf.wrv":225265},"vhrst":{"sppmmj":102273}},"jqpzj":{"vwls.wjz":7675},"jvvsgbl":{"bgjgtfbv.wcf":217539,"fbvls":{"ccpnsjm.cwc":146823},"gtwrhhd":{"wbs.vmh":59762},"tlhttrgs":{"ccpnsjm.cwc":7093,"dvlb":{"trww":62683},"hjclnb":{"bcnlmstj.bsj":245444,"czdm":167166}},"wbs.vmh":59720},"tlhttrgs":{"czdm":53060,"hzwn":217177}},"fclf":65658,"hhcp.jzd":191985,"lwqdqm":{"bdgnmf":{"wbs.vmh":146880},"dvlb":{"vsbvlr":184438},"vsbvlr":89596},"mpb":{"dvlb":{"prqfqf":{"ltmjppj":{"bjgzsq.srr":241963}}}},"ndn":{"cnv.vtn":184702,"dvlb":52486,"hfq":{"bsjgglbs":{"czdm":121761},"cwjbzd.sht":263904,"phpvlfw.jmm":265639,"wbs.vmh":178105,"wcq.qct":25124},"hswnvlq.frd":52100},"rtpwjds":{"qjvrwsfl":117111,"rwjf":132235,"sdssvrst":{"ccpnsjm.cwc":114380},"wjfdgt.ldj":223399},"smp":185299,"sqhvvsb":{"gjhj":7812,"hhcp.jzd":239114,"ldmwm":{"blcbqb.wpz":67855,"cwjbzd":{"cwjbzd.lff":147822,"hhcp.jzd":122632,"llcflrds":{"cngdgq":{"lqqcfphg":235724}},"tlhttrgs":{"cgf":{"dvlb":{"thff":77864}},"csb.hcw":67714,"cwjbzd":{"ccpnsjm.cwc":208459,"dtqglmf.zgb":17127},"jvs":{"cwjbzd":142337},"lfrctthp.qgm":119180,"ppsmqwn":{"rmwh":147277},"qqmtj":{"vqld.lsd":153442},"qzmpwzvz":{"cwjbzd.gjl":223666,"gjc":254370},"zmsbqrqf":{"tjwclf.nzs":193665}},"tvptb.fzl":67326,"wtcttdzg":{"hhcp.jzd":52882,"hqwgl.mtb":110104}},"czdm":250365,"dvlb.mfq":249613,"jdsbt":{"ccpnsjm.cwc":77115,"dvlb":242705,"lfrctthp":12624,"sppmmj":145552,"vsbvlr":198997},"tlhttrgs.wgw":95934},"vsbvlr":230777},"vzh":{"ccbjg":{"mcvsbd":{"cwjbzd":{"ccpnsjm.cwc":224826},"rbsv":{"lfrctthp":164816}},"sppmmj":{"ccpnsjm.cwc":85264,"dvlb.qgj":104511,"lfrctthp.zdn":183533,"wbs.vmh":98525}},"czdm":91733,"dvlb":89195,"rvfpbl.rtq":212167,"tlhttrgs.djt":224909,"vpznzhs.dcd":72916},"zzvnq":{"lfrctthp":107390,"lznpqbrd":{"dpvcgj.wlw":157950,"dvlb":{"rwr.nbz":41223},"dvlb.qvr":175412,"lfrctthp":{"fqc.fnl":26056,"lgjlw.vql":28191,"sppmmj":{"ccpnsjm.cwc":246742},"wbs.vmh":262066},"pmsjdj":84587},"pddfg":{"cwjbzd":{"jpzb.dcw":197956},"jbw":{"vsbvlr":247206},"vsbvlr":147410},"prnjh.sgb":143496,"pvdz":{"jctpqbgw":{"qvm":190424},"qwcgjttm.lzm":153177,"vsbvlr":94686},"vnmhs":{"sdhmzhlg.blf":16118},"zhnh.mpl":118674}},"lfrctthp.tlv":133395,"ltwmz":{"bdmz":243152},"nmzntmcf":{"jqcms":{"ccpnsjm.cwc":105562,"chpr.zvl":257512,"cwjbzd":{"mwvlhzdn":{"dvlb.bbw":272658},"qrpllg":{"wbs.vmh":215810},"sppmmj.gcz":205638},"jzqbnpn":{"sppmmj":112583},"ssr":{"hpfpw.pvn":66781,"zhwplzd.wrq":138840},"tlhttrgs.thg":117496,"vsbvlr":72550},"lrtsts":{"drtrdnsg":{"gnc":{"ccpnsjm.cwc":127922,"lfrctthp":233097,"qtglzq":24075},"sppmmj":{"czdm":128955,"jtjh.nzq":64809,"mdmh":{"zvtjfz":{"ptp.qbf":142470}},"nbzh":{"ccpnsjm.cwc":7112,"chrtbjf.fwr":215395,"wld.pdl":145865},"wbs.vmh":126095,"wwhbgg":{"hhcp.jzd":51752}}},"dvlb.fgt":41195,"lfrctthp":{"hhcp.jzd":198780}},"lvchpdf":{"hhcp.jzd":108580,"jpjjhshl":105301,"njfmmj":{"bjsvdfrf":{"vsbvlr":77668},"gjgftj":{"mjbw":{"ccpnsjm.cwc":243595},"vsbvlr":56593},"sppmmj":{"qzvwhr":{"cwjbzd":{"wbs.vmh":262825}}},"twzprtcf.hgl":25879},"nsw":{"rgqpq":210254},"sppmmj":{"cwjbzd.dtt":55463,"dvlb":196779,"hgb.qmj":125377,"rdd":{"srmsmr":20045},"tlhttrgs":{"wbs.vmh":47256},"tspz":222280,"zbq":{"cwjbzd.vrm":223951}},"tlhttrgs":{"jvndrcmd.ftl":56808,"mjcmhg":{"llsfnv.dmc":214188},"prh.wtz":220385,"pzbtlg.fzv":231575,"sqfr.lzs":11100,"tlhttrgs":{"qtws":{"vjlwzbsg.whn":102462},"sbhswjld":{"dvlb.bqj":159193,"hhcp.jzd":17424,"pdwrmgs.lzq":28945,"rpbllgs.rzn":38201,"sppmmj":{"wbs.vmh":88100}}}},"tvsvr":{"tlhttrgs.mhw":237626}},"qpzqp":{"ddclns":{"vprlq":{"ccpnsjm.cwc":137784}},"lfrctthp":134373,"lstwpqbq.wln":167788,"qcplm":224743,"vzjj.bzm":14385,"wbs.vmh":108204},"qrgh":{"ccpnsjm.cwc":29875,"hhcp.jzd":225323,"tlhttrgs":135470,"vsbvlr":23724},"scwnmrds":{"sppmmj":{"sppmmj":{"blznf.smd":73173}}}},"vhj":{"cwjbzd.tvv":221377,"czdm":98748,"hhcp.jzd":108605,"jnm":{"bfwm":66785,"dssh.rwn":196636,"sppmmj":{"ccpnsjm.cwc":101586,"lfrctthp":{"lfrctthp":122902,"svmpmrl.tcc":247157},"vsbvlr":127582,"zvrzs":71001},"tlhttrgs.jlh":140177,"vsbvlr":199730},"lfrctthp":{"cwjbzd.hbf":104555,"pldmc.hjd":56298,"sppmmj.nmr":27639},"lfrctthp.jfl":11518,"psnfcwpq.zcd":89038,"tlhttrgs":{"zsjgqqb":252680}},"wbs.vmh":256180,"zsntdzf":257693}