{"/":{"size":40913445,"totalFiles":300},"/jssbn/":{"size":13136144,"totalFiles":97},"/lfrctthp/":{"size":16727590,"totalFiles":118},"/ltwmz/":{"size":243152,"totalFiles":1},"/nmzntmcf/":{"size":7735647,"totalFiles":61},"/vhj/":{"size":2244014,"totalFiles":18},"/jssbn/lfrctthp/":{"size":952823,"totalFiles":10},"/jssbn/pjzpjjq/":{"size":6986416,"totalFiles":49},"/jssbn/rbtbtt/":{"size":174943,"totalFiles":2},"/jssbn/tlhttrgs/":{"size":4350313,"totalFiles":32},"/jssbn/lfrctthp/lfrctthp/":{"size":25083,"totalFiles":1},"/jssbn/lfrctthp/srf/":{"size":559754,"totalFiles":7},"/jssbn/lfrctthp/srf/rwvdvvsf/":{"size":153197,"totalFiles":2},"/jssbn/lfrctthp/srf/wvhhr/":{"size":10445,"totalFiles":1},"/jssbn/pjzpjjq/dvlb/":{"size":4614552,"totalFiles":30},"/jssbn/pjzpjjq/qlrn/":{"size":1037314,"totalFiles":9},"/jssbn/pjzpjjq/vpltwcs/":{"size":610752,"totalFiles":5},"/jssbn/pjzpjjq/dvlb/bjfqsb/":{"size":264579,"totalFiles":1},"/jssbn/pjzpjjq/dvlb/fnwsmj/":{"size":1004879,"totalFiles":6},"/jssbn/pjzpjjq/dvlb/wlhfvwl/":{"size":205483,"totalFiles":2},"/jssbn/pjzpjjq/dvlb/wrgqqts/":{"size":124869,"totalFiles":1},"/jssbn/pjzpjjq/dvlb/zhj/":{"size":2595692,"totalFiles":18},"/jssbn/pjzpjjq/dvlb/bjfqsb/jgltcw/":{"size":264579,"totalFiles":1},"/jssbn/pjzpjjq/dvlb/fnwsmj/lfrctthp/":{"size":776008,"totalFiles":5},"/jssbn/pjzpjjq/dvlb/fnwsmj/rddpmj/":{"size":228871,"totalFiles":1},"/jssbn/pjzpjjq/dvlb/fnwsmj/lfrctthp/qdgqdtn/":{"size":230357,"totalFiles":1},"/jssbn/pjzpjjq/dvlb/fnwsmj/lfrctthp/sgddcfdn/":{"size":346732,"totalFiles":3},"/jssbn/pjzpjjq/dvlb/fnwsmj/lfrctthp/sgddcfdn/lnjln/":{"size":28970,"totalFiles":1},"/jssbn/pjzpjjq/dvlb/fnwsmj/rddpmj/fhlnmw/":{"size":228871,"totalFiles":1},"/jssbn/pjzpjjq/dvlb/wlhfvwl/rbwq/":{"size":205483,"totalFiles":2},"/jssbn/pjzpjjq/dvlb/zhj/hww/":{"size":881861,"totalFiles":7},"/jssbn/pjzpjjq/dvlb/zhj/nqv/":{"size":1521468,"totalFiles":10},"/jssbn/pjzpjjq/dvlb/zhj/hww/pnsbrd/":{"size":234873,"totalFiles":2},"/jssbn/pjzpjjq/dvlb/zhj/nqv/rjgbm/":{"size":392780,"totalFiles":4},"/jssbn/pjzpjjq/dvlb/zhj/nqv/tlhttrgs/":{"size":270067,"totalFiles":2},"/jssbn/pjzpjjq/dvlb/zhj/nqv/tlhttrgs/cqtnvzn/":{"size":49609,"totalFiles":1},"/jssbn/pjzpjjq/qlrn/jwgd/":{"size":57414,"totalFiles":1},"/jssbn/pjzpjjq/qlrn/wbgvqpc/":{"size":368940,"totalFiles":5},"/jssbn/pjzpjjq/qlrn/wbgvqpc/dvlb/":{"size":118388,"totalFiles":1},"/jssbn/pjzpjjq/qlrn/wbgvqpc/qfhvjtv/":{"size":246886,"totalFiles":3},"/jssbn/pjzpjjq/qlrn/wbgvqpc/tpcwhmv/":{"size":3666,"totalFiles":1},"/jssbn/pjzpjjq/qlrn/wbgvqpc/qfhvjtv/mhbbpdpj/":{"size":24686,"totalFiles":1},"/jssbn/pjzpjjq/qlrn/wbgvqpc/qfhvjtv/mhbbpdpj/ghrbbh/":{"size":24686,"totalFiles":1},"/jssbn/pjzpjjq/vpltwcs/tlhttrgs/":{"size":464007,"totalFiles":4},"/jssbn/pjzpjjq/vpltwcs/tlhttrgs/cchd/":{"size":126044,"totalFiles":1},"/jssbn/rbtbtt/wqmvzg/":{"size":5150,"totalFiles":1},"/jssbn/rbtbtt/wqmvzg/lzbj/":{"size":5150,"totalFiles":1},"/jssbn/rbtbtt/wqmvzg/lzbj/tnhdmqjh/":{"size":5150,"totalFiles":1},"/jssbn/tlhttrgs/zjghthcb/":{"size":4117669,"totalFiles":31},"/jssbn/tlhttrgs/zmlpwlm/":{"size":232644,"totalFiles":1},"/jssbn/tlhttrgs/zjghthcb/dvlb/":{"size":237944,"totalFiles":2},"/jssbn/tlhttrgs/zjghthcb/ghzsqrn/":{"size":1390691,"totalFiles":12},"/jssbn/tlhttrgs/zjghthcb/hvwjc/":{"size":1546736,"totalFiles":10},"/jssbn/tlhttrgs/zjghthcb/lfrctthp/":{"size":942298,"totalFiles":7},"/jssbn/tlhttrgs/zjghthcb/ghzsqrn/fngzpjm/":{"size":734184,"totalFiles":6},"/jssbn/tlhttrgs/zjghthcb/ghzsqrn/mdqbvhrr/":{"size":32598,"totalFiles":1},"/jssbn/tlhttrgs/zjghthcb/ghzsqrn/sfhqmzhd/":{"size":58893,"totalFiles":1},"/jssbn/tlhttrgs/zjghthcb/ghzsqrn/fngzpjm/dvlb/":{"size":502558,"totalFiles":4},"/jssbn/tlhttrgs/zjghthcb/ghzsqrn/fngzpjm/ghzwdw/":{"size":231626,"totalFiles":2},"/jssbn/tlhttrgs/zjghthcb/hvwjc/nchvqtdq/":{"size":49931,"totalFiles":1},"/jssbn/tlhttrgs/zjghthcb/hvwjc/wnj/":{"size":651587,"totalFiles":4},"/jssbn/tlhttrgs/zjghthcb/hvwjc/wnj/dvlb/":{"size":240264,"totalFiles":1},"/jssbn/tlhttrgs/zjghthcb/hvwjc/wnj/dvlb/cwjbzd/":{"size":240264,"totalFiles":1},"/jssbn/tlhttrgs/zjghthcb/hvwjc/wnj/dvlb/cwjbzd/tlhttrgs/":{"size":240264,"totalFiles":1},"/jssbn/tlhttrgs/zjghthcb/lfrctthp/thgh/":{"size":255855,"totalFiles":2},"/jssbn/tlhttrgs/zjghthcb/lfrctthp/zzffz/":{"size":170513,"totalFiles":1},"/jssbn/tlhttrgs/zjghthcb/lfrctthp/thgh/nrntbh/":{"size":139964,"totalFiles":1},"/jssbn/tlhttrgs/zjghthcb/lfrctthp/thgh/qlhbf/":{"size":115891,"totalFiles":1},"/lfrctthp/cwjbzd/":{"size":2072073,"totalFiles":16},"/lfrctthp/dvlb/":{"size":3667539,"totalFiles":25},"/lfrctthp/lwqdqm/":{"size":420914,"totalFiles":3},"/lfrctthp/mpb/":{"size":241963,"totalFiles":1},"/lfrctthp/ndn/":{"size":1143821,"totalFiles":8},"/lfrctthp/rtpwjds/":{"size":587125,"totalFiles":4},"/lfrctthp/sqhvvsb/":{"size":4160054,"totalFiles":29},"/lfrctthp/vzh/":{"size":1552395,"totalFiles":11},"/lfrctthp/zzvnq/":{"size":2438764,"totalFiles":18},"/lfrctthp/cwjbzd/dfqpqqw/":{"size":93069,"totalFiles":2},"/lfrctthp/cwjbzd/lfrctthp/":{"size":1126581,"totalFiles":8},"/lfrctthp/cwjbzd/sppmmj/":{"size":161387,"totalFiles":1},"/lfrctthp/cwjbzd/dfqpqqw/rjm/":{"size":25830,"totalFiles":1},"/lfrctthp/cwjbzd/lfrctthp/fqswn/":{"size":885238,"totalFiles":7},"/lfrctthp/cwjbzd/lfrctthp/fqswn/dhgghnm/":{"size":238276,"totalFiles":2},"/lfrctthp/cwjbzd/lfrctthp/fqswn/vpbwj/":{"size":570808,"totalFiles":4},"/lfrctthp/cwjbzd/lfrctthp/fqswn/dhgghnm/sppmmj/":{"size":201519,"totalFiles":1},"/lfrctthp/cwjbzd/lfrctthp/fqswn/dhgghnm/sppmmj/dsss/":{"size":201519,"totalFiles":1},"/lfrctthp/cwjbzd/lfrctthp/fqswn/vpbwj/tlhttrgs/":{"size":145100,"totalFiles":2},"/lfrctthp/cwjbzd/sppmmj/sppmmj/":{"size":161387,"totalFiles":1},"/lfrctthp/dvlb/dnqvhtr/":{"size":2423397,"totalFiles":14},"/lfrctthp/dvlb/jqpzj/":{"size":7675,"totalFiles":1},"/lfrctthp/dvlb/jvvsgbl/":{"size":966230,"totalFiles":8},"/lfrctthp/dvlb/tlhttrgs/":{"size":270237,"totalFiles":2},"/lfrctthp/dvlb/dnqvhtr/jzm/":{"size":239360,"totalFiles":2},"/lfrctthp/dvlb/dnqvhtr/phcfgqfs/":{"size":257801,"totalFiles":1},"/lfrctthp/dvlb/dnqvhtr/sppmmj/":{"size":1823963,"totalFiles":10},"/lfrctthp/dvlb/dnqvhtr/vhrst/":{"size":102273,"totalFiles":1},"/lfrctthp/dvlb/dnqvhtr/jzm/smtpdcpf/":{"size":95947,"totalFiles":1},"/lfrctthp/dvlb/dnqvhtr/sppmmj/hmcn/":{"size":421449,"totalFiles":2},"/lfrctthp/dvlb/dnqvhtr/sppmmj/mrhsrrm/":{"size":126589,"totalFiles":1},"/lfrctthp/dvlb/dnqvhtr/sppmmj/nlqmghj/":{"size":113621,"totalFiles":1},"/lfrctthp/dvlb/dnqvhtr/sppmmj/rqbtcvfw/":{"size":259673,"totalFiles":1},"/lfrctthp/dvlb/jvvsgbl/fbvls/":{"size":146823,"totalFiles":1},"/lfrctthp/dvlb/jvvsgbl/gtwrhhd/":{"size":59762,"totalFiles":1},"/lfrctthp/dvlb/jvvsgbl/tlhttrgs/":{"size":482386,"totalFiles":4},"/lfrctthp/dvlb/jvvsgbl/tlhttrgs/dvlb/":{"size":62683,"totalFiles":1},"/lfrctthp/dvlb/jvvsgbl/tlhttrgs/hjclnb/":{"size":412610,"totalFiles":2},"/lfrctthp/lwqdqm/bdgnmf/":{"size":146880,"totalFiles":1},"/lfrctthp/lwqdqm/dvlb/":{"size":184438,"totalFiles":1},"/lfrctthp/mpb/dvlb/":{"size":241963,"totalFiles":1},"/lfrctthp/mpb/dvlb/prqfqf/":{"size":241963,"totalFiles":1},"/lfrctthp/mpb/dvlb/prqfqf/ltmjppj/":{"size":241963,"totalFiles":1},"/lfrctthp/ndn/hfq/":{"size":854533,"totalFiles":5},"/lfrctthp/ndn/hfq/bsjgglbs/":{"size":121761,"totalFiles":1},"/lfrctthp/rtpwjds/sdssvrst/":{"size":114380,"totalFiles":1},"/lfrctthp/sqhvvsb/ldmwm/":{"size":3682351,"totalFiles":26},"/lfrctthp/sqhvvsb/ldmwm/cwjbzd/":{"size":2341591,"totalFiles":17},"/lfrctthp/sqhvvsb/ldmwm/jdsbt/":{"size":676993,"totalFiles":5},"/lfrctthp/sqhvvsb/ldmwm/cwjbzd/llcflrds/":{"size":235724,"totalFiles":1},"/lfrctthp/sqhvvsb/ldmwm/cwjbzd/tlhttrgs/":{"size":1605101,"totalFiles":11},"/lfrctthp/sqhvvsb/ldmwm/cwjbzd/wtcttdzg/":{"size":162986,"totalFiles":2},"/lfrctthp/sqhvvsb/ldmwm/cwjbzd/llcflrds/cngdgq/":{"size":235724,"totalFiles":1},"/lfrctthp/sqhvvsb/ldmwm/cwjbzd/tlhttrgs/cgf/":{"size":77864,"totalFiles":1},"/lfrctthp/sqhvvsb/ldmwm/cwjbzd/tlhttrgs/cwjbzd/":{"size":225586,"totalFiles":2},"/lfrctthp/sqhvvsb/ldmwm/cwjbzd/tlhttrgs/jvs/":{"size":142337,"totalFiles":1},"/lfrctthp/sqhvvsb/ldmwm/cwjbzd/tlhttrgs/ppsmqwn/":{"size":147277,"totalFiles":1},"/lfrctthp/sqhvvsb/ldmwm/cwjbzd/tlhttrgs/qqmtj/":{"size":153442,"totalFiles":1},"/lfrctthp/sqhvvsb/ldmwm/cwjbzd/tlhttrgs/qzmpwzvz/":{"size":478036,"totalFiles":2},"/lfrctthp/sqhvvsb/ldmwm/cwjbzd/tlhttrgs/zmsbqrqf/":{"size":193665,"totalFiles":1},"/lfrctthp/sqhvvsb/ldmwm/cwjbzd/tlhttrgs/cgf/dvlb/":{"size":77864,"totalFiles":1},"/lfrctthp/vzh/ccbjg/":{"size":861475,"totalFiles":6},"/lfrctthp/vzh/ccbjg/mcvsbd/":{"size":389642,"totalFiles":2},"/lfrctthp/vzh/ccbjg/sppmmj/":{"size":471833,"totalFiles":4},"/lfrctthp/vzh/ccbjg/mcvsbd/cwjbzd/":{"size":224826,"totalFiles":1},"/lfrctthp/vzh/ccbjg/mcvsbd/rbsv/":{"size":164816,"totalFiles":1},"/lfrctthp/zzvnq/lznpqbrd/":{"size":1022227,"totalFiles":8},"/lfrctthp/zzvnq/pddfg/":{"size":592572,"totalFiles":3},"/lfrctthp/zzvnq/pvdz/":{"size":438287,"totalFiles":3},"/lfrctthp/zzvnq/vnmhs/":{"size":16118,"totalFiles":1},"/lfrctthp/zzvnq/lznpqbrd/dvlb/":{"size":41223,"totalFiles":1},"/lfrctthp/zzvnq/lznpqbrd/lfrctthp/":{"size":563055,"totalFiles":4},"/lfrctthp/zzvnq/lznpqbrd/lfrctthp/sppmmj/":{"size":246742,"totalFiles":1},"/lfrctthp/zzvnq/pddfg/cwjbzd/":{"size":197956,"totalFiles":1},"/lfrctthp/zzvnq/pddfg/jbw/":{"size":247206,"totalFiles":1},"/lfrctthp/zzvnq/pvdz/jctpqbgw/":{"size":190424,"totalFiles":1},"/nmzntmcf/jqcms/":{"size":1565430,"totalFiles":10},"/nmzntmcf/lrtsts/":{"size":1507522,"totalFiles":13},"/nmzntmcf/lvchpdf/":{"size":3387853,"totalFiles":27},"/nmzntmcf/qpzqp/":{"size":787277,"totalFiles":6},"/nmzntmcf/qrgh/":{"size":414392,"totalFiles":4},"/nmzntmcf/scwnmrds/":{"size":73173,"totalFiles":1},"/nmzntmcf/jqcms/cwjbzd/":{"size":694106,"totalFiles":3},"/nmzntmcf/jqcms/jzqbnpn/":{"size":112583,"totalFiles":1},"/nmzntmcf/jqcms/ssr/":{"size":205621,"totalFiles":2},"/nmzntmcf/jqcms/cwjbzd/mwvlhzdn/":{"size":272658,"totalFiles":1},"/nmzntmcf/jqcms/cwjbzd/qrpllg/":{"size":215810,"totalFiles":1},"/nmzntmcf/lrtsts/drtrdnsg/":{"size":1267547,"totalFiles":11},"/nmzntmcf/lrtsts/lfrctthp/":{"size":198780,"totalFiles":1},"/nmzntmcf/lrtsts/drtrdnsg/gnc/":{"size":385094,"totalFiles":3},"/nmzntmcf/lrtsts/drtrdnsg/sppmmj/":{"size":882453,"totalFiles":8},"/nmzntmcf/lrtsts/drtrdnsg/sppmmj/mdmh/":{"size":142470,"totalFiles":1},"/nmzntmcf/lrtsts/drtrdnsg/sppmmj/nbzh/":{"size":368372,"totalFiles":3},"/nmzntmcf/lrtsts/drtrdnsg/sppmmj/wwhbgg/":{"size":51752,"totalFiles":1},"/nmzntmcf/lrtsts/drtrdnsg/sppmmj/mdmh/zvtjfz/":{"size":142470,"totalFiles":1},"/nmzntmcf/lvchpdf/njfmmj/":{"size":666560,"totalFiles":5},"/nmzntmcf/lvchpdf/nsw/":{"size":210254,"totalFiles":1},"/nmzntmcf/lvchpdf/sppmmj/":{"size":891151,"totalFiles":7},"/nmzntmcf/lvchpdf/tlhttrgs/":{"size":1168381,"totalFiles":11},"/nmzntmcf/lvchpdf/tvsvr/":{"size":237626,"totalFiles":1},"/nmzntmcf/lvchpdf/njfmmj/bjsvdfrf/":{"size":77668,"totalFiles":1},"/nmzntmcf/lvchpdf/njfmmj/gjgftj/":{"size":300188,"totalFiles":2},"/nmzntmcf/lvchpdf/njfmmj/sppmmj/":{"size":262825,"totalFiles":1},"/nmzntmcf/lvchpdf/njfmmj/gjgftj/mjbw/":{"size":243595,"totalFiles":1},"/nmzntmcf/lvchpdf/njfmmj/sppmmj/qzvwhr/":{"size":262825,"totalFiles":1},"/nmzntmcf/lvchpdf/njfmmj/sppmmj/qzvwhr/cwjbzd/":{"size":262825,"totalFiles":1},"/nmzntmcf/lvchpdf/sppmmj/rdd/":{"size":20045,"totalFiles":1},"/nmzntmcf/lvchpdf/sppmmj/tlhttrgs/":{"size":47256,"totalFiles":1},"/nmzntmcf/lvchpdf/sppmmj/zbq/":{"size":223951,"totalFiles":1},"/nmzntmcf/lvchpdf/tlhttrgs/mjcmhg/":{"size":214188,"totalFiles":1},"/nmzntmcf/lvchpdf/tlhttrgs/tlhttrgs/":{"size":434325,"totalFiles":6},"/nmzntmcf/lvchpdf/tlhttrgs/tlhttrgs/qtws/":{"size":102462,"totalFiles":1},"/nmzntmcf/lvchpdf/tlhttrgs/tlhttrgs/sbhswjld/":{"size":331863,"totalFiles":5},"/nmzntmcf/lvchpdf/tlhttrgs/tlhttrgs/sbhswjld/sppmmj/":{"size":88100,"totalFiles":1},"/nmzntmcf/qpzqp/ddclns/":{"size":137784,"totalFiles":1},"/nmzntmcf/qpzqp/ddclns/vprlq/":{"size":137784,"totalFiles":1},"/nmzntmcf/scwnmrds/sppmmj/":{"size":73173,"totalFiles":1},"/nmzntmcf/scwnmrds/sppmmj/sppmmj/":{"size":73173,"totalFiles":1},"/vhj/jnm/":{"size":1273556,"totalFiles":9},"/vhj/lfrctthp/":{"size":188492,"totalFiles":3},"/vhj/tlhttrgs/":{"size":252680,"totalFiles":1},"/vhj/jnm/sppmmj/":{"size":670228,"totalFiles":5},"/vhj/jnm/sppmmj/lfrctthp/":{"size":370059,"totalFiles":2}}